{
  "k_values": [
    50,
    75,
    100,
    125,
    150,
    175,
    200,
    225,
    250,
    275,
    300,
    325,
    350,
    375,
    400,
    425,
    450,
    475,
    500,
    525,
    550,
    575,
    600,
    625,
    650,
    675,
    700,
    725,
    750,
    775
  ],
  "sse": [
    1211.0098795462357,
    1126.4974795301093,
    1076.7393466086744,
    1051.4126442832205,
    1007.7414902966741,
    989.1203815892777,
    954.3916009531148,
    928.274978625631,
    921.8913949780017,
    889.0788614757518,
    873.9402909400866,
    858.2973833282585,
    850.9132955400993,
    836.2613040764054,
    820.9266986894829,
    797.4402906338148,
    786.0885956359559,
    778.8405056231068,
    758.603909112883,
    751.8991559757818,
    735.5625505962189,
    743.7416034753775,
    717.9932578837175,
    709.0441563249926,
    695.3708210565738,
    701.845947724617,
    687.5682532864846,
    676.2505223582489,
    666.0395468797919,
    651.8993178583164
  ],
  "silhouette_scores": [
    0.03949315132114339,
    0.04611140125095038,
    0.04325206011846249,
    0.04603783881677493,
    0.051524706514092265,
    0.040009292370813986,
    0.042212475179406975,
    0.03952620225878648,
    0.03659566707153666,
    0.03589319764904932,
    0.0287069236788742,
    0.03291223627100523,
    0.02470704264367896,
    0.023667700703700122,
    0.019062174282885744,
    0.022397329228443348,
    0.029138855907595657,
    0.02684597744590828,
    0.026316465510144934,
    0.023178152360192675,
    0.029566195041485933,
    0.027273663475864168,
    0.01615354692681702,
    0.022739896006561986,
    0.00802469668800513,
    0.02338236352342,
    0.01622800691973322,
    0.014791761673172164,
    0.02128897303024266,
    0.016043192420473334
  ],
  "calinski_harabasz_scores": [
    0.0,
    0.0,
    0.0,
    0.0,
    0.0,
    0.0,
    0.0,
    0.0,
    0.0,
    0.0,
    0.0,
    0.0,
    0.0,
    0.0,
    0.0,
    0.0,
    0.0,
    0.0,
    0.0,
    0.0,
    0.0,
    0.0,
    0.0,
    0.0,
    0.0,
    0.0,
    0.0,
    0.0,
    0.0,
    0.0
  ],
  "davies_bouldin_scores": [
    3.3068043901802118,
    2.9864362699923928,
    2.7605284673184998,
    2.7032461157379917,
    2.5526401548797097,
    2.456491692003683,
    2.349367196054972,
    2.2220607871489997,
    2.173102973888568,
    2.140755077645521,
    2.0937772687105416,
    1.9933081827583952,
    1.9745068071173755,
    1.908232154698722,
    1.871508084238454,
    1.8964355951173713,
    1.8328391441093217,
    1.7407246794524418,
    1.7986211157476275,
    1.6994472691356628,
    1.7323788336367312,
    1.6021348835669613,
    1.6595302052252294,
    1.6022092551072349,
    1.6169565506477066,
    1.58251337216285,
    1.5575032576544483,
    1.5511658275894336,
    1.5046922585542915,
    1.5184535686632408
  ],
  "optimal_candidates": {
    "silhouette": 150,
    "calinski_harabasz": 150,
    "davies_bouldin": 750,
    "elbow": 75
  },
  "final_metrics": {
    "silhouette_score": 0.06718808303175339,
    "calinski_harabasz_score": 0.0,
    "davies_bouldin_score": 2.6060384033352917,
    "inertia": 981.0952241338707
  }
}